Exchange Date,Close,Net,%Chg,Open
28-Feb-2022,"4,373.9391",-10.7154,-0.2444%,"4,373.9391"
25-Feb-2022,"4,384.6545",+95.9585,+2.2375%,"4,384.6545"
24-Feb-2022,"4,288.6960",+63.1911,+1.4955%,"4,288.6960"
23-Feb-2022,"4,225.5049",-79.2527,-1.8410%,"4,225.5049"
22-Feb-2022,"4,304.7576",-44.1116,-1.0143%,"4,304.7576"
18-Feb-2022,"4,348.8692",-31.3894,-0.7166%,"4,348.8692"
17-Feb-2022,"4,380.2586",-94.7525,-2.1174%,"4,380.2586"
16-Feb-2022,"4,475.0111",+3.9369,+0.0881%,"4,475.0111"
15-Feb-2022,"4,471.0742",+69.4072,+1.5768%,"4,471.0742"
14-Feb-2022,"4,401.6670",-16.9695,-0.3840%,"4,401.6670"
11-Feb-2022,"4,418.6365",-85.4483,-1.8971%,"4,418.6365"
10-Feb-2022,"4,504.0848",-83.0941,-1.8114%,"4,504.0848"
09-Feb-2022,"4,587.1789",+65.6400,+1.4517%,"4,587.1789"
08-Feb-2022,"4,521.5389",+37.6736,+0.8402%,"4,521.5389"
07-Feb-2022,"4,483.8653",-16.6662,-0.3703%,"4,483.8653"
04-Feb-2022,"4,500.5315",+23.0895,+0.5157%,"4,500.5315"
03-Feb-2022,"4,477.4420",-111.9346,-2.4390%,"4,477.4420"
02-Feb-2022,"4,589.3766",+42.8376,+0.9422%,"4,589.3766"
01-Feb-2022,"4,546.5390",+30.9914,+0.6863%,"4,546.5390"
31-Jan-2022,"4,515.5476",+83.6985,+1.8886%,"4,515.5476"
28-Jan-2022,"4,431.8491",+105.3354,+2.4346%,"4,431.8491"
27-Jan-2022,"4,326.5137",-23.4149,-0.5383%,"4,326.5137"
26-Jan-2022,"4,349.9286",-6.5253,-0.1498%,"4,349.9286"
25-Jan-2022,"4,356.4539",-53.6735,-1.2171%,"4,356.4539"
24-Jan-2022,"4,410.1274",+12.1882,+0.2771%,"4,410.1274"
21-Jan-2022,"4,397.9392",-84.7884,-1.8914%,"4,397.9392"
20-Jan-2022,"4,482.7276",-50.0320,-1.1038%,"4,482.7276"
19-Jan-2022,"4,532.7596",-44.3488,-0.9689%,"4,532.7596"
18-Jan-2022,"4,577.1084",-85.7457,-1.8389%,"4,577.1084"
14-Jan-2022,"4,662.8541",+3.8286,+0.0822%,"4,662.8541"
13-Jan-2022,"4,659.0255",-67.3202,-1.4244%,"4,659.0255"
12-Jan-2022,"4,726.3457",+13.2784,+0.2817%,"4,726.3457"
11-Jan-2022,"4,713.0673",+42.7769,+0.9159%,"4,713.0673"
10-Jan-2022,"4,670.2904",-6.7373,-0.1441%,"4,670.2904"
07-Jan-2022,"4,677.0277",-19.0261,-0.4052%,"4,677.0277"
06-Jan-2022,"4,696.0538",-4.5246,-0.0963%,"4,696.0538"
05-Jan-2022,"4,700.5784",-92.9588,-1.9393%,"4,700.5784"
04-Jan-2022,"4,793.5372",-3.0240,-0.0630%,"4,793.5372"
03-Jan-2022,"4,796.5612",+30.3782,+0.6374%,"4,796.5612"
31-Dec-2021,"4,766.1830",-12.5439,-0.2625%,"4,766.1830"
30-Dec-2021,"4,778.7269",-14.3312,-0.2990%,"4,778.7269"
29-Dec-2021,"4,793.0581",+6.7040,+0.1401%,"4,793.0581"
28-Dec-2021,"4,786.3541",-4.8379,-0.1010%,"4,786.3541"
27-Dec-2021,"4,791.1920",+65.4038,+1.3840%,"4,791.1920"
23-Dec-2021,"4,725.7882",+29.2266,+0.6223%,"4,725.7882"
22-Dec-2021,"4,696.5616",+47.3350,+1.0181%,"4,696.5616"
21-Dec-2021,"4,649.2266",+81.2094,+1.7778%,"4,649.2266"
20-Dec-2021,"4,568.0172",-52.6218,-1.1388%,"4,568.0172"
17-Dec-2021,"4,620.6390",-48.0322,-1.0288%,"4,620.6390"
16-Dec-2021,"4,668.6712",-41.1827,-0.8744%,"4,668.6712"
15-Dec-2021,"4,709.8539",+75.7663,+1.6350%,"4,709.8539"
14-Dec-2021,"4,634.0876",-34.8845,-0.7472%,"4,634.0876"
13-Dec-2021,"4,668.9721",-43.0520,-0.9137%,"4,668.9721"
10-Dec-2021,"4,712.0241",+44.5701,+0.9549%,"4,712.0241"
09-Dec-2021,"4,667.4540",-33.7539,-0.7180%,"4,667.4540"
08-Dec-2021,"4,701.2079",+14.4624,+0.3086%,"4,701.2079"
07-Dec-2021,"4,686.7455",+95.0737,+2.0706%,"4,686.7455"
06-Dec-2021,"4,591.6718",+53.2439,+1.1732%,"4,591.6718"
03-Dec-2021,"4,538.4279",-38.6726,-0.8449%,"4,538.4279"
02-Dec-2021,"4,577.1005",+64.0643,+1.4195%,"4,577.1005"
01-Dec-2021,"4,513.0362",-53.9653,-1.1816%,"4,513.0362"
30-Nov-2021,"4,567.0015",-88.2687,-1.8961%,"4,567.0015"
29-Nov-2021,"4,655.2702",+60.6519,+1.3201%,"4,655.2702"
26-Nov-2021,"4,594.6183",-106.8466,-2.2726%,"4,594.6183"
24-Nov-2021,"4,701.4649",+10.7668,+0.2295%,"4,701.4649"
23-Nov-2021,"4,690.6981",+7.7542,+0.1656%,"4,690.6981"
22-Nov-2021,"4,682.9439",-15.0112,-0.3195%,"4,682.9439"
19-Nov-2021,"4,697.9551",-6.5868,-0.1400%,"4,697.9551"
18-Nov-2021,"4,704.5419",+15.8712,+0.3385%,"4,704.5419"
17-Nov-2021,"4,688.6707",-12.2264,-0.2601%,"4,688.6707"
16-Nov-2021,"4,700.8971",+18.0936,+0.3864%,"4,700.8971"
15-Nov-2021,"4,682.8035",-0.0439,-0.0009%,"4,682.8035"
12-Nov-2021,"4,682.8474",+33.5782,+0.7222%,"4,682.8474"
11-Nov-2021,"4,649.2692",+2.5615,+0.0551%,"4,649.2692"
10-Nov-2021,"4,646.7077",-38.5435,-0.8227%,"4,646.7077"
09-Nov-2021,"4,685.2512",-16.4508,-0.3499%,"4,685.2512"
08-Nov-2021,"4,701.7020",+4.1752,+0.0889%,"4,701.7020"
05-Nov-2021,"4,697.5268",+17.4710,+0.3733%,"4,697.5268"
04-Nov-2021,"4,680.0558",+19.4862,+0.4181%,"4,680.0558"
03-Nov-2021,"4,660.5696",+29.9162,+0.6460%,"4,660.5696"
02-Nov-2021,"4,630.6534",+16.9804,+0.3680%,"4,630.6534"
01-Nov-2021,"4,613.6730",+8.2964,+0.1801%,"4,613.6730"
29-Oct-2021,"4,605.3766",+8.9615,+0.1950%,"4,605.3766"
28-Oct-2021,"4,596.4151",+44.7340,+0.9828%,"4,596.4151"
27-Oct-2021,"4,551.6811",-23.1077,-0.5051%,"4,551.6811"
26-Oct-2021,"4,574.7888",+8.3108,+0.1820%,"4,574.7888"
25-Oct-2021,"4,566.4780",+21.5797,+0.4748%,"4,566.4780"
22-Oct-2021,"4,544.8983",-4.8830,-0.1073%,"4,544.8983"
21-Oct-2021,"4,549.7813",+13.5892,+0.2996%,"4,549.7813"
20-Oct-2021,"4,536.1921",+16.5615,+0.3664%,"4,536.1921"
19-Oct-2021,"4,519.6306",+33.1701,+0.7393%,"4,519.6306"
18-Oct-2021,"4,486.4605",+15.0920,+0.3375%,"4,486.4605"
15-Oct-2021,"4,471.3685",+33.1041,+0.7459%,"4,471.3685"
14-Oct-2021,"4,438.2644",+74.4599,+1.7063%,"4,438.2644"
13-Oct-2021,"4,363.8045",+13.1585,+0.3024%,"4,363.8045"
12-Oct-2021,"4,350.6460",-10.5445,-0.2418%,"4,350.6460"
11-Oct-2021,"4,361.1905",-30.1476,-0.6865%,"4,361.1905"
08-Oct-2021,"4,391.3381",-8.4252,-0.1915%,"4,391.3381"
07-Oct-2021,"4,399.7633",+36.2181,+0.8300%,"4,399.7633"
06-Oct-2021,"4,363.5452",+17.8290,+0.4103%,"4,363.5452"
05-Oct-2021,"4,345.7162",+45.2572,+1.0524%,"4,345.7162"
04-Oct-2021,"4,300.4590",-56.5799,-1.2986%,"4,300.4590"
01-Oct-2021,"4,357.0389",+49.5001,+1.1492%,"4,357.0389"
30-Sep-2021,"4,307.5388",-51.9223,-1.1910%,"4,307.5388"
29-Sep-2021,"4,359.4611",+6.8268,+0.1568%,"4,359.4611"
28-Sep-2021,"4,352.6343",-90.4761,-2.0363%,"4,352.6343"
27-Sep-2021,"4,443.1104",-12.3675,-0.2776%,"4,443.1104"
24-Sep-2021,"4,455.4779",+6.4938,+0.1460%,"4,455.4779"
23-Sep-2021,"4,448.9841",+53.3470,+1.2136%,"4,448.9841"
22-Sep-2021,"4,395.6371",+41.4482,+0.9519%,"4,395.6371"
21-Sep-2021,"4,354.1889",-3.5390,-0.0812%,"4,354.1889"
20-Sep-2021,"4,357.7279",-75.2596,-1.6977%,"4,357.7279"
17-Sep-2021,"4,432.9875",-40.7653,-0.9112%,"4,432.9875"
16-Sep-2021,"4,473.7528",-6.9487,-0.1551%,"4,473.7528"
15-Sep-2021,"4,480.7015",+37.6516,+0.8474%,"4,480.7015"
14-Sep-2021,"4,443.0499",-25.6764,-0.5746%,"4,443.0499"
13-Sep-2021,"4,468.7263",+10.1464,+0.2276%,"4,468.7263"
10-Sep-2021,"4,458.5799",-34.7044,-0.7724%,"4,458.5799"
09-Sep-2021,"4,493.2843",-20.7842,-0.4604%,"4,493.2843"
08-Sep-2021,"4,514.0685",-5.9593,-0.1318%,"4,514.0685"
07-Sep-2021,"4,520.0278",-15.4048,-0.3397%,"4,520.0278"
03-Sep-2021,"4,535.4326",-1.5136,-0.0334%,"4,535.4326"
02-Sep-2021,"4,536.9462",+12.8539,+0.2841%,"4,536.9462"
01-Sep-2021,"4,524.0923",+1.4122,+0.0312%,"4,524.0923"
31-Aug-2021,"4,522.6801",-6.1136,-0.1350%,"4,522.6801"
30-Aug-2021,"4,528.7937",+19.4246,+0.4308%,"4,528.7937"
27-Aug-2021,"4,509.3691",+39.3727,+0.8808%,"4,509.3691"
26-Aug-2021,"4,469.9964",-26.1945,-0.5826%,"4,469.9964"
25-Aug-2021,"4,496.1909",+9.9568,+0.2219%,"4,496.1909"
24-Aug-2021,"4,486.2341",+6.7036,+0.1496%,"4,486.2341"
23-Aug-2021,"4,479.5305",+37.8653,+0.8525%,"4,479.5305"
20-Aug-2021,"4,441.6652",+35.8623,+0.8140%,"4,441.6652"
19-Aug-2021,"4,405.8029",+5.5366,+0.1258%,"4,405.8029"
18-Aug-2021,"4,400.2663",-47.8091,-1.0748%,"4,400.2663"
17-Aug-2021,"4,448.0754",-31.6333,-0.7061%,"4,448.0754"
16-Aug-2021,"4,479.7087",+11.7055,+0.2620%,"4,479.7087"
13-Aug-2021,"4,468.0032",+7.1713,+0.1608%,"4,468.0032"
12-Aug-2021,"4,460.8319",+13.1283,+0.2952%,"4,460.8319"
11-Aug-2021,"4,447.7036",+10.9507,+0.2468%,"4,447.7036"
10-Aug-2021,"4,436.7529",+4.3999,+0.0993%,"4,436.7529"
09-Aug-2021,"4,432.3530",-4.1648,-0.0939%,"4,432.3530"
06-Aug-2021,"4,436.5178",+7.4148,+0.1674%,"4,436.5178"
05-Aug-2021,"4,429.1030",+26.4420,+0.6006%,"4,429.1030"
04-Aug-2021,"4,402.6610",-20.4926,-0.4633%,"4,402.6610"
03-Aug-2021,"4,423.1536",+35.9977,+0.8205%,"4,423.1536"
02-Aug-2021,"4,387.1559",-8.1081,-0.1845%,"4,387.1559"
30-Jul-2021,"4,395.2640",-23.8848,-0.5405%,"4,395.2640"
29-Jul-2021,"4,419.1488",+18.5133,+0.4207%,"4,419.1488"
28-Jul-2021,"4,400.6355",-0.8276,-0.0188%,"4,400.6355"
27-Jul-2021,"4,401.4631",-20.8404,-0.4713%,"4,401.4631"
26-Jul-2021,"4,422.3035",+10.5111,+0.2383%,"4,422.3035"
23-Jul-2021,"4,411.7924",+44.3173,+1.0147%,"4,411.7924"
22-Jul-2021,"4,367.4751",+8.7818,+0.2015%,"4,367.4751"
21-Jul-2021,"4,358.6933",+35.6347,+0.8243%,"4,358.6933"
20-Jul-2021,"4,323.0586",+64.5660,+1.5162%,"4,323.0586"
19-Jul-2021,"4,258.4926",-68.6656,-1.5869%,"4,258.4926"
16-Jul-2021,"4,327.1582",-32.8685,-0.7539%,"4,327.1582"
15-Jul-2021,"4,360.0267",-14.2699,-0.3262%,"4,360.0267"
14-Jul-2021,"4,374.2966",+5.0868,+0.1164%,"4,374.2966"
13-Jul-2021,"4,369.2098",-15.4159,-0.3516%,"4,369.2098"
12-Jul-2021,"4,384.6257",+15.0747,+0.3450%,"4,384.6257"
09-Jul-2021,"4,369.5510",+48.7334,+1.1279%,"4,369.5510"
08-Jul-2021,"4,320.8176",-37.3156,-0.8562%,"4,320.8176"
07-Jul-2021,"4,358.1332",+14.5901,+0.3359%,"4,358.1332"
06-Jul-2021,"4,343.5431",-8.7958,-0.2021%,"4,343.5431"
02-Jul-2021,"4,352.3389",+32.3988,+0.7500%,"4,352.3389"
01-Jul-2021,"4,319.9401",+22.4435,+0.5222%,"4,319.9401"
30-Jun-2021,"4,297.4966",+5.6949,+0.1327%,"4,297.4966"
29-Jun-2021,"4,291.8017",+1.1939,+0.0278%,"4,291.8017"
28-Jun-2021,"4,290.6078",+9.9054,+0.2314%,"4,290.6078"
25-Jun-2021,"4,280.7024",+14.2166,+0.3332%,"4,280.7024"
24-Jun-2021,"4,266.4858",+24.6498,+0.5811%,"4,266.4858"
23-Jun-2021,"4,241.8360",-4.5990,-0.1083%,"4,241.8360"
22-Jun-2021,"4,246.4350",+21.6472,+0.5124%,"4,246.4350"
21-Jun-2021,"4,224.7878",+58.3346,+1.4001%,"4,224.7878"
18-Jun-2021,"4,166.4532",-55.4051,-1.3123%,"4,166.4532"
17-Jun-2021,"4,221.8583",-1.8459,-0.0437%,"4,221.8583"
16-Jun-2021,"4,223.7042",-22.8898,-0.5390%,"4,223.7042"
15-Jun-2021,"4,246.5940",-8.5563,-0.2011%,"4,246.5940"
14-Jun-2021,"4,255.1503",+7.7105,+0.1815%,"4,255.1503"
11-Jun-2021,"4,247.4398",+8.2556,+0.1947%,"4,247.4398"
10-Jun-2021,"4,239.1842",+19.6374,+0.4654%,"4,239.1842"
09-Jun-2021,"4,219.5468",-7.7082,-0.1823%,"4,219.5468"
08-Jun-2021,"4,227.2550",+0.7348,+0.0174%,"4,227.2550"
07-Jun-2021,"4,226.5202",-3.3704,-0.0797%,"4,226.5202"
04-Jun-2021,"4,229.8906",+37.0358,+0.8833%,"4,229.8906"
03-Jun-2021,"4,192.8548",-15.2644,-0.3627%,"4,192.8548"
02-Jun-2021,"4,208.1192",+6.0776,+0.1446%,"4,208.1192"
01-Jun-2021,"4,202.0416",-2.0689,-0.0492%,"4,202.0416"
28-May-2021,"4,204.1105",+3.2347,+0.0770%,"4,204.1105"
27-May-2021,"4,200.8758",+4.8822,+0.1164%,"4,200.8758"
26-May-2021,"4,195.9936",+7.8595,+0.1877%,"4,195.9936"
25-May-2021,"4,188.1341",-8.9132,-0.2124%,"4,188.1341"
24-May-2021,"4,197.0473",+41.1895,+0.9911%,"4,197.0473"
21-May-2021,"4,155.8578",-3.2666,-0.0785%,"4,155.8578"
20-May-2021,"4,159.1244",+43.4476,+1.0557%,"4,159.1244"
19-May-2021,"4,115.6768",-12.1530,-0.2944%,"4,115.6768"
18-May-2021,"4,127.8298",-35.4607,-0.8517%,"4,127.8298"
17-May-2021,"4,163.2905",-10.5636,-0.2531%,"4,163.2905"
14-May-2021,"4,173.8541",+61.3581,+1.4920%,"4,173.8541"
13-May-2021,"4,112.4960",+49.4581,+1.2173%,"4,112.4960"
12-May-2021,"4,063.0379",-89.0574,-2.1449%,"4,063.0379"
11-May-2021,"4,152.0953",-36.3320,-0.8674%,"4,152.0953"
10-May-2021,"4,188.4273",-44.1741,-1.0437%,"4,188.4273"
07-May-2021,"4,232.6014",+30.9826,+0.7374%,"4,232.6014"
06-May-2021,"4,201.6188",+34.0310,+0.8166%,"4,201.6188"
05-May-2021,"4,167.5878",+2.9288,+0.0703%,"4,167.5878"
04-May-2021,"4,164.6590",-27.9986,-0.6678%,"4,164.6590"
03-May-2021,"4,192.6576",+11.4827,+0.2746%,"4,192.6576"
30-Apr-2021,"4,181.1749",-30.3000,-0.7195%,"4,181.1749"
29-Apr-2021,"4,211.4749",+28.2919,+0.6763%,"4,211.4749"
28-Apr-2021,"4,183.1830",-3.5352,-0.0844%,"4,183.1830"
27-Apr-2021,"4,186.7182",-0.8993,-0.0215%,"4,186.7182"
26-Apr-2021,"4,187.6175",+7.4501,+0.1782%,"4,187.6175"
23-Apr-2021,"4,180.1674",+45.1857,+1.0928%,"4,180.1674"
22-Apr-2021,"4,134.9817",-38.4399,-0.9211%,"4,134.9817"
21-Apr-2021,"4,173.4216",+38.4822,+0.9307%,"4,173.4216"
20-Apr-2021,"4,134.9394",-28.3187,-0.6802%,"4,134.9394"
19-Apr-2021,"4,163.2581",-22.2106,-0.5307%,"4,163.2581"
16-Apr-2021,"4,185.4687",+15.0459,+0.3608%,"4,185.4687"
15-Apr-2021,"4,170.4228",+45.7622,+1.1095%,"4,170.4228"
14-Apr-2021,"4,124.6606",-16.9332,-0.4089%,"4,124.6606"
13-Apr-2021,"4,141.5938",+13.6006,+0.3295%,"4,141.5938"
12-Apr-2021,"4,127.9932",-0.8089,-0.0196%,"4,127.9932"
09-Apr-2021,"4,128.8021",+31.6341,+0.7721%,"4,128.8021"
08-Apr-2021,"4,097.1680",+17.2151,+0.4219%,"4,097.1680"
07-Apr-2021,"4,079.9529",+6.0122,+0.1476%,"4,079.9529"
06-Apr-2021,"4,073.9407",-3.9730,-0.0974%,"4,073.9407"
05-Apr-2021,"4,077.9137",+58.0483,+1.4440%,"4,077.9137"
01-Apr-2021,"4,019.8654",+46.9732,+1.1823%,"4,019.8654"
31-Mar-2021,"3,972.8922",+14.3399,+0.3623%,"3,972.8922"
30-Mar-2021,"3,958.5523",-12.5424,-0.3158%,"3,958.5523"
29-Mar-2021,"3,971.0947",-3.4422,-0.0866%,"3,971.0947"
26-Mar-2021,"3,974.5369",+65.0214,+1.6632%,"3,974.5369"
25-Mar-2021,"3,909.5155",+20.3735,+0.5239%,"3,909.5155"
24-Mar-2021,"3,889.1420",-21.3738,-0.5466%,"3,889.1420"
23-Mar-2021,"3,910.5158",-30.0694,-0.7631%,"3,910.5158"
22-Mar-2021,"3,940.5852",+27.4860,+0.7024%,"3,940.5852"
19-Mar-2021,"3,913.0992",-2.3621,-0.0603%,"3,913.0992"
18-Mar-2021,"3,915.4613",-58.6550,-1.4759%,"3,915.4613"
17-Mar-2021,"3,974.1163",+11.4088,+0.2879%,"3,974.1163"
16-Mar-2021,"3,962.7075",-6.2297,-0.1570%,"3,962.7075"
15-Mar-2021,"3,968.9372",+25.5944,+0.6491%,"3,968.9372"
12-Mar-2021,"3,943.3428",+4.0044,+0.1017%,"3,943.3428"
11-Mar-2021,"3,939.3384",+40.5333,+1.0396%,"3,939.3384"
10-Mar-2021,"3,898.8051",+23.3626,+0.6028%,"3,898.8051"
09-Mar-2021,"3,875.4425",+54.0958,+1.4156%,"3,875.4425"
08-Mar-2021,"3,821.3467",-20.5947,-0.5360%,"3,821.3467"
05-Mar-2021,"3,841.9414",+73.4677,+1.9495%,"3,841.9414"
04-Mar-2021,"3,768.4737",-51.2428,-1.3415%,"3,768.4737"
03-Mar-2021,"3,819.7165",-50.5773,-1.3068%,"3,819.7165"
02-Mar-2021,"3,870.2938",-31.5218,-0.8079%,"3,870.2938"
01-Mar-2021,"3,901.8156",+90.6659,+2.3790%,"3,901.8156"
26-Feb-2021,"3,811.1497",-18.1864,-0.4749%,"3,811.1497"
25-Feb-2021,"3,829.3361",-96.0915,-2.4479%,"3,829.3361"
24-Feb-2021,"3,925.4276",+44.0587,+1.1351%,"3,925.4276"
23-Feb-2021,"3,881.3689",+4.8690,+0.1256%,"3,881.3689"
22-Feb-2021,"3,876.4999",-30.2079,-0.7732%,"3,876.4999"
19-Feb-2021,"3,906.7078",-7.2635,-0.1856%,"3,906.7078"
18-Feb-2021,"3,913.9713",-17.3592,-0.4416%,"3,913.9713"
17-Feb-2021,"3,931.3305",-1.2588,-0.0320%,"3,931.3305"
16-Feb-2021,"3,932.5893",-2.2444,-0.0570%,"3,932.5893"
12-Feb-2021,"3,934.8337",+18.4587,+0.4713%,"3,934.8337"
11-Feb-2021,"3,916.3750",+6.4953,+0.1661%,"3,916.3750"
10-Feb-2021,"3,909.8797",-1.3480,-0.0345%,"3,909.8797"
09-Feb-2021,"3,911.2277",-4.3609,-0.1114%,"3,911.2277"
08-Feb-2021,"3,915.5886",+28.7569,+0.7399%,"3,915.5886"
05-Feb-2021,"3,886.8317",+15.0911,+0.3898%,"3,886.8317"
04-Feb-2021,"3,871.7406",+41.5681,+1.0853%,"3,871.7406"
03-Feb-2021,"3,830.1725",+3.8596,+0.1009%,"3,830.1725"
02-Feb-2021,"3,826.3129",+52.4558,+1.3900%,"3,826.3129"
01-Feb-2021,"3,773.8571",+59.6144,+1.6050%,"3,773.8571"
29-Jan-2021,"3,714.2427",-73.1342,-1.9310%,"3,714.2427"
28-Jan-2021,"3,787.3769",+36.6037,+0.9759%,"3,787.3769"
27-Jan-2021,"3,750.7732",-98.8481,-2.5677%,"3,750.7732"
26-Jan-2021,"3,849.6213",-5.7344,-0.1487%,"3,849.6213"
25-Jan-2021,"3,855.3557",+13.8901,+0.3616%,"3,855.3557"
22-Jan-2021,"3,841.4656",-11.6077,-0.3013%,"3,841.4656"
21-Jan-2021,"3,853.0733",+1.2274,+0.0319%,"3,853.0733"
20-Jan-2021,"3,851.8459",+52.9384,+1.3935%,"3,851.8459"
19-Jan-2021,"3,798.9075",+30.6612,+0.8137%,"3,798.9075"
15-Jan-2021,"3,768.2463",-27.2951,-0.7191%,"3,768.2463"
14-Jan-2021,"3,795.5414",-14.3019,-0.3754%,"3,795.5414"
13-Jan-2021,"3,809.8433",+8.6522,+0.2276%,"3,809.8433"
12-Jan-2021,"3,801.1911",+1.5859,+0.0417%,"3,801.1911"
11-Jan-2021,"3,799.6052",-25.0757,-0.6556%,"3,799.6052"
08-Jan-2021,"3,824.6809",+20.8905,+0.5492%,"3,824.6809"
07-Jan-2021,"3,803.7904",+55.6526,+1.4848%,"3,803.7904"
06-Jan-2021,"3,748.1378",+21.2820,+0.5710%,"3,748.1378"
05-Jan-2021,"3,726.8558",+26.2090,+0.7082%,"3,726.8558"
04-Jan-2021,"3,700.6468",-55.4247,-1.4756%,"3,700.6468"
31-Dec-2020,"3,756.0715",+24.0295,+0.6439%,"3,756.0715"
30-Dec-2020,"3,732.0420",+5.0019,+0.1342%,"3,732.0420"
29-Dec-2020,"3,727.0401",-8.3156,-0.2226%,"3,727.0401"
28-Dec-2020,"3,735.3557",+32.2979,+0.8722%,"3,735.3557"
24-Dec-2020,"3,703.0578",+13.0440,+0.3535%,"3,703.0578"
23-Dec-2020,"3,690.0138",+2.7533,+0.0747%,"3,690.0138"
22-Dec-2020,"3,687.2605",-7.6592,-0.2073%,"3,687.2605"
21-Dec-2020,"3,694.9197",-14.4887,-0.3906%,"3,694.9197"
18-Dec-2020,"3,709.4084",-13.0738,-0.3512%,"3,709.4084"
17-Dec-2020,"3,722.4822",+21.3084,+0.5757%,"3,722.4822"
16-Dec-2020,"3,701.1738",+6.5517,+0.1773%,"3,701.1738"
15-Dec-2020,"3,694.6221",+47.1289,+1.2921%,"3,694.6221"
14-Dec-2020,"3,647.4932",-15.9647,-0.4358%,"3,647.4932"
11-Dec-2020,"3,663.4579",-4.6458,-0.1267%,"3,663.4579"
10-Dec-2020,"3,668.1037",-4.7160,-0.1284%,"3,668.1037"
09-Dec-2020,"3,672.8197",-29.4283,-0.7949%,"3,672.8197"
08-Dec-2020,"3,702.2480",+10.2845,+0.2786%,"3,702.2480"
07-Dec-2020,"3,691.9635",-7.1579,-0.1935%,"3,691.9635"
04-Dec-2020,"3,699.1214",+32.4053,+0.8838%,"3,699.1214"
03-Dec-2020,"3,666.7161",-2.2895,-0.0624%,"3,666.7161"
02-Dec-2020,"3,669.0056",+6.5523,+0.1789%,"3,669.0056"
01-Dec-2020,"3,662.4533",+40.8199,+1.1271%,"3,662.4533"
30-Nov-2020,"3,621.6334",-16.7202,-0.4596%,"3,621.6334"
27-Nov-2020,"3,638.3536",+8.7076,+0.2399%,"3,638.3536"
25-Nov-2020,"3,629.6460",-5.7603,-0.1584%,"3,629.6460"
24-Nov-2020,"3,635.4063",+57.8159,+1.6161%,"3,635.4063"
23-Nov-2020,"3,577.5904",+20.0466,+0.5635%,"3,577.5904"
20-Nov-2020,"3,557.5438",-24.3231,-0.6791%,"3,557.5438"
19-Nov-2020,"3,581.8669",+14.0778,+0.3946%,"3,581.8669"
18-Nov-2020,"3,567.7891",-41.7426,-1.1565%,"3,567.7891"
17-Nov-2020,"3,609.5317",-17.3759,-0.4791%,"3,609.5317"
16-Nov-2020,"3,626.9076",+41.7541,+1.1646%,"3,626.9076"
13-Nov-2020,"3,585.1535",+48.1440,+1.3611%,"3,585.1535"
12-Nov-2020,"3,537.0095",-35.6509,-0.9979%,"3,537.0095"
11-Nov-2020,"3,572.6604",+27.1273,+0.7651%,"3,572.6604"
10-Nov-2020,"3,545.5331",-4.9663,-0.1399%,"3,545.5331"
09-Nov-2020,"3,550.4994",+41.0629,+1.1701%,"3,550.4994"
06-Nov-2020,"3,509.4365",-1.0111,-0.0288%,"3,509.4365"
05-Nov-2020,"3,510.4476",+67.0105,+1.9460%,"3,510.4476"
04-Nov-2020,"3,443.4371",+74.2805,+2.2047%,"3,443.4371"
03-Nov-2020,"3,369.1566",+58.9152,+1.7798%,"3,369.1566"
02-Nov-2020,"3,310.2414",+40.2823,+1.2319%,"3,310.2414"
30-Oct-2020,"3,269.9591",-40.1537,-1.2131%,"3,269.9591"
29-Oct-2020,"3,310.1128",+39.0854,+1.1949%,"3,310.1128"
28-Oct-2020,"3,271.0274",-119.6570,-3.5290%,"3,271.0274"
27-Oct-2020,"3,390.6844",-10.2838,-0.3024%,"3,390.6844"
26-Oct-2020,"3,400.9682",-64.4190,-1.8589%,"3,400.9682"
23-Oct-2020,"3,465.3872",+11.8970,+0.3445%,"3,465.3872"
22-Oct-2020,"3,453.4902",+17.9347,+0.5220%,"3,453.4902"
21-Oct-2020,"3,435.5555",-7.5613,-0.2196%,"3,435.5555"
20-Oct-2020,"3,443.1168",+16.1927,+0.4725%,"3,443.1168"
19-Oct-2020,"3,426.9241",-56.8837,-1.6328%,"3,426.9241"
16-Oct-2020,"3,483.8078",+0.4664,+0.0134%,"3,483.8078"
15-Oct-2020,"3,483.3414",-5.3246,-0.1526%,"3,483.3414"
14-Oct-2020,"3,488.6660",-23.2639,-0.6624%,"3,488.6660"
13-Oct-2020,"3,511.9299",-22.2861,-0.6306%,"3,511.9299"
12-Oct-2020,"3,534.2160",+57.0817,+1.6416%,"3,534.2160"
09-Oct-2020,"3,477.1343",+30.3059,+0.8792%,"3,477.1343"
08-Oct-2020,"3,446.8284",+27.3791,+0.8007%,"3,446.8284"
07-Oct-2020,"3,419.4493",+58.4972,+1.7405%,"3,419.4493"
06-Oct-2020,"3,360.9521",-47.6747,-1.3986%,"3,360.9521"
05-Oct-2020,"3,408.6268",+60.1831,+1.7973%,"3,408.6268"
02-Oct-2020,"3,348.4437",-32.3549,-0.9570%,"3,348.4437"
01-Oct-2020,"3,380.7986",+17.7996,+0.5293%,"3,380.7986"
30-Sep-2020,"3,362.9990",+27.5241,+0.8252%,"3,362.9990"
29-Sep-2020,"3,335.4749",-16.1247,-0.4811%,"3,335.4749"
28-Sep-2020,"3,351.5996",+53.1427,+1.6111%,"3,351.5996"
25-Sep-2020,"3,298.4569",+51.8693,+1.5977%,"3,298.4569"
24-Sep-2020,"3,246.5876",+9.6672,+0.2987%,"3,246.5876"
23-Sep-2020,"3,236.9204",-78.6459,-2.3720%,"3,236.9204"
22-Sep-2020,"3,315.5663",+34.5073,+1.0517%,"3,315.5663"
21-Sep-2020,"3,281.0590",-38.4068,-1.1570%,"3,281.0590"
18-Sep-2020,"3,319.4658",-37.5442,-1.1184%,"3,319.4658"
17-Sep-2020,"3,357.0100",-28.4810,-0.8413%,"3,357.0100"
16-Sep-2020,"3,385.4910",-15.7100,-0.4619%,"3,385.4910"
15-Sep-2020,"3,401.2010",+17.6594,+0.5219%,"3,401.2010"
14-Sep-2020,"3,383.5416",+42.5754,+1.2743%,"3,383.5416"
11-Sep-2020,"3,340.9662",+1.7811,+0.0533%,"3,340.9662"
10-Sep-2020,"3,339.1851",-59.7742,-1.7586%,"3,339.1851"
09-Sep-2020,"3,398.9593",+67.1165,+2.0144%,"3,398.9593"
08-Sep-2020,"3,331.8428",-95.1211,-2.7757%,"3,331.8428"
04-Sep-2020,"3,426.9639",-28.1010,-0.8133%,"3,426.9639"
03-Sep-2020,"3,455.0649",-125.7794,-3.5126%,"3,455.0649"
02-Sep-2020,"3,580.8443",+54.1930,+1.5367%,"3,580.8443"
01-Sep-2020,"3,526.6513",+26.3428,+0.7526%,"3,526.6513"
31-Aug-2020,"3,500.3085",-7.7062,-0.2197%,"3,500.3085"
28-Aug-2020,"3,508.0147",+23.4644,+0.6734%,"3,508.0147"
27-Aug-2020,"3,484.5503",+5.8180,+0.1672%,"3,484.5503"
26-Aug-2020,"3,478.7323",+35.1102,+1.0196%,"3,478.7323"
25-Aug-2020,"3,443.6221",+12.3400,+0.3596%,"3,443.6221"
24-Aug-2020,"3,431.2821",+34.1244,+1.0045%,"3,431.2821"
21-Aug-2020,"3,397.1577",+11.6442,+0.3439%,"3,397.1577"
20-Aug-2020,"3,385.5135",+10.6632,+0.3160%,"3,385.5135"
19-Aug-2020,"3,374.8503",-14.9247,-0.4403%,"3,374.8503"
18-Aug-2020,"3,389.7750",+7.7800,+0.2300%,"3,389.7750"
17-Aug-2020,"3,381.9950",+9.1482,+0.2712%,"3,381.9950"
14-Aug-2020,"3,372.8468",-0.5789,-0.0172%,"3,372.8468"
13-Aug-2020,"3,373.4257",-6.9241,-0.2048%,"3,373.4257"
12-Aug-2020,"3,380.3498",+46.6607,+1.3997%,"3,380.3498"
11-Aug-2020,"3,333.6891",-26.7836,-0.7970%,"3,333.6891"
10-Aug-2020,"3,360.4727",+9.1895,+0.2742%,"3,360.4727"
07-Aug-2020,"3,351.2832",+2.1272,+0.0635%,"3,351.2832"
06-Aug-2020,"3,349.1560",+21.3849,+0.6426%,"3,349.1560"
05-Aug-2020,"3,327.7711",+21.2635,+0.6431%,"3,327.7711"
04-Aug-2020,"3,306.5076",+11.8942,+0.3610%,"3,306.5076"
03-Aug-2020,"3,294.6134",+23.4885,+0.7181%,"3,294.6134"
31-Jul-2020,"3,271.1249",+24.9003,+0.7671%,"3,271.1249"
30-Jul-2020,"3,246.2246",-12.2144,-0.3749%,"3,246.2246"
29-Jul-2020,"3,258.4390",+40.0038,+1.2430%,"3,258.4390"
28-Jul-2020,"3,218.4352",-20.9711,-0.6474%,"3,218.4352"
27-Jul-2020,"3,239.4063",+23.7765,+0.7394%,"3,239.4063"
24-Jul-2020,"3,215.6298",-20.0334,-0.6191%,"3,215.6298"
23-Jul-2020,"3,235.6632",-40.3528,-1.2318%,"3,235.6632"
22-Jul-2020,"3,276.0160",+18.7180,+0.5746%,"3,276.0160"
21-Jul-2020,"3,257.2980",+5.4559,+0.1678%,"3,257.2980"
20-Jul-2020,"3,251.8421",+27.1114,+0.8407%,"3,251.8421"
17-Jul-2020,"3,224.7307",+9.1567,+0.2848%,"3,224.7307"
16-Jul-2020,"3,215.5740",-10.9853,-0.3405%,"3,215.5740"
15-Jul-2020,"3,226.5593",+29.0369,+0.9081%,"3,226.5593"
14-Jul-2020,"3,197.5224",+42.2988,+1.3406%,"3,197.5224"
13-Jul-2020,"3,155.2236",-29.8187,-0.9362%,"3,155.2236"
10-Jul-2020,"3,185.0423",+32.9937,+1.0467%,"3,185.0423"
09-Jul-2020,"3,152.0486",-17.8946,-0.5645%,"3,152.0486"
08-Jul-2020,"3,169.9432",+24.6252,+0.7829%,"3,169.9432"
07-Jul-2020,"3,145.3180",-34.4008,-1.0819%,"3,145.3180"
06-Jul-2020,"3,179.7188",+49.7061,+1.5880%,"3,179.7188"
02-Jul-2020,"3,130.0127",+14.1543,+0.4543%,"3,130.0127"
01-Jul-2020,"3,115.8584",+15.5733,+0.5023%,"3,115.8584"
30-Jun-2020,"3,100.2851",+47.0462,+1.5409%,"3,100.2851"
29-Jun-2020,"3,053.2389",+44.1865,+1.4685%,"3,053.2389"
26-Jun-2020,"3,009.0524",-74.7053,-2.4225%,"3,009.0524"
25-Jun-2020,"3,083.7577",+33.4230,+1.0957%,"3,083.7577"
24-Jun-2020,"3,050.3347",-80.9509,-2.5852%,"3,050.3347"
23-Jun-2020,"3,131.2856",+13.4248,+0.4306%,"3,131.2856"
22-Jun-2020,"3,117.8608",+20.1183,+0.6495%,"3,117.8608"
19-Jun-2020,"3,097.7425",-17.6023,-0.5650%,"3,097.7425"
18-Jun-2020,"3,115.3448",+1.8557,+0.0596%,"3,115.3448"
17-Jun-2020,"3,113.4891",-11.2508,-0.3601%,"3,113.4891"
16-Jun-2020,"3,124.7399",+58.1511,+1.8963%,"3,124.7399"
15-Jun-2020,"3,066.5888",+25.2765,+0.8311%,"3,066.5888"
12-Jun-2020,"3,041.3123",+39.2169,+1.3063%,"3,041.3123"
11-Jun-2020,"3,002.0954",-188.0406,-5.8944%,"3,002.0954"
10-Jun-2020,"3,190.1360",-17.0421,-0.5314%,"3,190.1360"
09-Jun-2020,"3,207.1781",-25.2076,-0.7798%,"3,207.1781"
08-Jun-2020,"3,232.3857",+38.4579,+1.2041%,"3,232.3857"
05-Jun-2020,"3,193.9278",+81.5814,+2.6212%,"3,193.9278"
04-Jun-2020,"3,112.3464",-10.5238,-0.3370%,"3,112.3464"
03-Jun-2020,"3,122.8702",+42.0480,+1.3648%,"3,122.8702"
02-Jun-2020,"3,080.8222",+25.0893,+0.8211%,"3,080.8222"
01-Jun-2020,"3,055.7329",+11.4277,+0.3754%,"3,055.7329"
29-May-2020,"3,044.3052",+14.5721,+0.4810%,"3,044.3052"
28-May-2020,"3,029.7331",-6.4001,-0.2108%,"3,029.7331"
27-May-2020,"3,036.1332",+44.3681,+1.4830%,"3,036.1332"
26-May-2020,"2,991.7651",+36.3124,+1.2287%,"2,991.7651"
22-May-2020,"2,955.4527",+6.9471,+0.2356%,"2,955.4527"
21-May-2020,"2,948.5056",-23.1066,-0.7776%,"2,948.5056"
20-May-2020,"2,971.6122",+48.6725,+1.6652%,"2,971.6122"
19-May-2020,"2,922.9397",-30.9686,-1.0484%,"2,922.9397"
18-May-2020,"2,953.9083",+90.2108,+3.1502%,"2,953.9083"
15-May-2020,"2,863.6975",+11.1933,+0.3924%,"2,863.6975"
14-May-2020,"2,852.5042",+32.5084,+1.1528%,"2,852.5042"
13-May-2020,"2,819.9958",-50.1216,-1.7463%,"2,819.9958"
12-May-2020,"2,870.1174",-60.2054,-2.0546%,"2,870.1174"
11-May-2020,"2,930.3228",+0.5181,+0.0177%,"2,930.3228"
08-May-2020,"2,929.8047",+48.6133,+1.6873%,"2,929.8047"
07-May-2020,"2,881.1914",+32.7707,+1.1505%,"2,881.1914"
06-May-2020,"2,848.4207",-20.0147,-0.6978%,"2,848.4207"
05-May-2020,"2,868.4354",+25.6963,+0.9039%,"2,868.4354"
04-May-2020,"2,842.7391",+12.0341,+0.4251%,"2,842.7391"
01-May-2020,"2,830.7050",-81.7255,-2.8061%,"2,830.7050"
30-Apr-2020,"2,912.4305",-27.0749,-0.9211%,"2,912.4305"
29-Apr-2020,"2,939.5054",+76.1136,+2.6582%,"2,939.5054"
28-Apr-2020,"2,863.3918",-15.0881,-0.5242%,"2,863.3918"
27-Apr-2020,"2,878.4799",+41.7402,+1.4714%,"2,878.4799"
24-Apr-2020,"2,836.7397",+38.9431,+1.3919%,"2,836.7397"
23-Apr-2020,"2,797.7966",-1.5182,-0.0542%,"2,797.7966"
22-Apr-2020,"2,799.3148",+62.7516,+2.2931%,"2,799.3148"
21-Apr-2020,"2,736.5632",-86.5932,-3.0672%,"2,736.5632"
20-Apr-2020,"2,823.1564",-51.4082,-1.7884%,"2,823.1564"
17-Apr-2020,"2,874.5646",+75.0123,+2.6794%,"2,874.5646"
16-Apr-2020,"2,799.5523",+16.1902,+0.5817%,"2,799.5523"
15-Apr-2020,"2,783.3621",-62.6990,-2.2030%,"2,783.3621"
14-Apr-2020,"2,846.0611",+84.4339,+3.0574%,"2,846.0611"
13-Apr-2020,"2,761.6272",-28.1901,-1.0105%,"2,761.6272"
09-Apr-2020,"2,789.8173",+39.8396,+1.4487%,"2,789.8173"
08-Apr-2020,"2,749.9777",+90.5671,+3.4055%,"2,749.9777"
07-Apr-2020,"2,659.4106",-4.2732,-0.1604%,"2,659.4106"
06-Apr-2020,"2,663.6838",+175.0354,+7.0334%,"2,663.6838"
03-Apr-2020,"2,488.6484",-38.2544,-1.5139%,"2,488.6484"
02-Apr-2020,"2,526.9028",+56.3984,+2.2829%,"2,526.9028"
01-Apr-2020,"2,470.5044",-114.0864,-4.4141%,"2,470.5044"
31-Mar-2020,"2,584.5908",-42.0550,-1.6011%,"2,584.5908"
30-Mar-2020,"2,626.6458",+85.1761,+3.3515%,"2,626.6458"
27-Mar-2020,"2,541.4697",-88.5975,-3.3686%,"2,541.4697"
26-Mar-2020,"2,630.0672",+154.5089,+6.2414%,"2,630.0672"
25-Mar-2020,"2,475.5583",+28.2279,+1.1534%,"2,475.5583"
24-Mar-2020,"2,447.3304",+209.9350,+9.3830%,"2,447.3304"
23-Mar-2020,"2,237.3954",-67.5209,-2.9294%,"2,237.3954"
20-Mar-2020,"2,304.9163",-104.4703,-4.3360%,"2,304.9163"
19-Mar-2020,"2,409.3866",+11.2914,+0.4708%,"2,409.3866"
18-Mar-2020,"2,398.0952",-131.0990,-5.1834%,"2,398.0952"
17-Mar-2020,"2,529.1942",+143.0603,+5.9955%,"2,529.1942"
16-Mar-2020,"2,386.1339",-324.8878,-11.9840%,"2,386.1339"
13-Mar-2020,"2,711.0217",+230.3806,+9.2871%,"2,711.0217"
12-Mar-2020,"2,480.6411",-260.7425,-9.5113%,"2,480.6411"
11-Mar-2020,"2,741.3836",-140.8419,-4.8866%,"2,741.3836"
10-Mar-2020,"2,882.2255",+135.6659,+4.9395%,"2,882.2255"
09-Mar-2020,"2,746.5596",-225.8123,-7.5970%,"2,746.5596"
06-Mar-2020,"2,972.3719",-51.5684,-1.7053%,"2,972.3719"
05-Mar-2020,"3,023.9403",-106.1766,-3.3921%,"3,023.9403"
04-Mar-2020,"3,130.1169",+126.7517,+4.2203%,"3,130.1169"
03-Mar-2020,"3,003.3652",-86.8676,-2.8110%,"3,003.3652"
02-Mar-2020,"3,090.2328",+136.0091,+4.6039%,"3,090.2328"
28-Feb-2020,"2,954.2237",-24.5341,-0.8236%,"2,954.2237"
27-Feb-2020,"2,978.7578",-137.6320,-4.4164%,"2,978.7578"
26-Feb-2020,"3,116.3898",-11.8168,-0.3777%,"3,116.3898"
25-Feb-2020,"3,128.2066",-97.6798,-3.0280%,"3,128.2066"
24-Feb-2020,"3,225.8864",-111.8606,-3.3514%,"3,225.8864"
21-Feb-2020,"3,337.7470",-35.4845,-1.0519%,"3,337.7470"
20-Feb-2020,"3,373.2315",-12.9212,-0.3816%,"3,373.2315"
19-Feb-2020,"3,386.1527",+15.8662,+0.4708%,"3,386.1527"
18-Feb-2020,"3,370.2865",-9.8709,-0.2920%,"3,370.2865"
14-Feb-2020,"3,380.1574",+6.2200,+0.1844%,"3,380.1574"
13-Feb-2020,"3,373.9374",-5.5148,-0.1632%,"3,373.9374"
12-Feb-2020,"3,379.4522",+21.7049,+0.6464%,"3,379.4522"
11-Feb-2020,"3,357.7473",+5.6533,+0.1686%,"3,357.7473"
10-Feb-2020,"3,352.0940",+24.3871,+0.7328%,"3,352.0940"
07-Feb-2020,"3,327.7069",-18.0740,-0.5402%,"3,327.7069"
06-Feb-2020,"3,345.7809",+11.0866,+0.3325%,"3,345.7809"
05-Feb-2020,"3,334.6943",+37.1061,+1.1252%,"3,334.6943"
04-Feb-2020,"3,297.5882",+48.6632,+1.4978%,"3,297.5882"
03-Feb-2020,"3,248.9250",+23.4087,+0.7257%,"3,248.9250"
31-Jan-2020,"3,225.5163",-58.1427,-1.7707%,"3,225.5163"
30-Jan-2020,"3,283.6590",+10.2564,+0.3133%,"3,283.6590"
29-Jan-2020,"3,273.4026",-2.8408,-0.0867%,"3,273.4026"
28-Jan-2020,"3,276.2434",+32.6152,+1.0055%,"3,276.2434"
27-Jan-2020,"3,243.6282",-51.8452,-1.5732%,"3,243.6282"
24-Jan-2020,"3,295.4734",-30.0694,-0.9042%,"3,295.4734"
23-Jan-2020,"3,325.5428",+3.7959,+0.1143%,"3,325.5428"
22-Jan-2020,"3,321.7469",+0.9561,+0.0288%,"3,321.7469"
21-Jan-2020,"3,320.7908",-8.8319,-0.2653%,"3,320.7908"
17-Jan-2020,"3,329.6227",+12.8168,+0.3864%,"3,329.6227"
16-Jan-2020,"3,316.8059",+27.5133,+0.8365%,"3,316.8059"
15-Jan-2020,"3,289.2926",+6.1402,+0.1870%,"3,289.2926"
14-Jan-2020,"3,283.1524",-4.9811,-0.1515%,"3,283.1524"
13-Jan-2020,"3,288.1335",+22.7824,+0.6977%,"3,288.1335"
10-Jan-2020,"3,265.3511",-9.3531,-0.2856%,"3,265.3511"
09-Jan-2020,"3,274.7042",+21.6583,+0.6658%,"3,274.7042"
08-Jan-2020,"3,253.0459",+15.8634,+0.4900%,"3,253.0459"
07-Jan-2020,"3,237.1825",-9.1001,-0.2803%,"3,237.1825"
06-Jan-2020,"3,246.2826",+11.4340,+0.3535%,"3,246.2826"
03-Jan-2020,"3,234.8486",-22.9992,-0.7060%,"3,234.8486"
02-Jan-2020,"3,257.8478",+27.0658,+0.8377%,"3,257.8478"
31-Dec-2019,"3,230.7820",+9.4902,+0.2946%,"3,230.7820"
30-Dec-2019,"3,221.2918",-18.7286,-0.5780%,"3,221.2918"
27-Dec-2019,"3,240.0204",+0.1133,+0.0035%,"3,240.0204"
26-Dec-2019,"3,239.9071",+16.5314,+0.5129%,"3,239.9071"
24-Dec-2019,"3,223.3757",-0.6342,-0.0197%,"3,223.3757"
23-Dec-2019,"3,224.0099",+2.7853,+0.0865%,"3,224.0099"
20-Dec-2019,"3,221.2246",+15.8562,+0.4947%,"3,221.2246"
19-Dec-2019,"3,205.3684",+14.2264,+0.4458%,"3,205.3684"
18-Dec-2019,"3,191.1420",-1.3766,-0.0431%,"3,191.1420"
17-Dec-2019,"3,192.5186",+1.0696,+0.0335%,"3,192.5186"
16-Dec-2019,"3,191.4490",+22.6494,+0.7148%,"3,191.4490"
13-Dec-2019,"3,168.7996",+0.2304,+0.0073%,"3,168.7996"
12-Dec-2019,"3,168.5692",+26.9425,+0.8576%,"3,168.5692"
11-Dec-2019,"3,141.6267",+9.1081,+0.2908%,"3,141.6267"
10-Dec-2019,"3,132.5186",-3.4428,-0.1098%,"3,132.5186"
09-Dec-2019,"3,135.9614",-9.9496,-0.3163%,"3,135.9614"
06-Dec-2019,"3,145.9110",+28.4824,+0.9137%,"3,145.9110"
05-Dec-2019,"3,117.4286",+4.6723,+0.1501%,"3,117.4286"
04-Dec-2019,"3,112.7563",+19.5554,+0.6322%,"3,112.7563"
03-Dec-2019,"3,093.2009",-20.6727,-0.6639%,"3,093.2009"
02-Dec-2019,"3,113.8736",-27.1070,-0.8630%,"3,113.8736"
29-Nov-2019,"3,140.9806",-12.6475,-0.4010%,"3,140.9806"
27-Nov-2019,"3,153.6281",+13.1082,+0.4174%,"3,153.6281"
26-Nov-2019,"3,140.5199",+6.8771,+0.2195%,"3,140.5199"
25-Nov-2019,"3,133.6428",+23.3545,+0.7509%,"3,133.6428"
22-Nov-2019,"3,110.2883",+6.7514,+0.2175%,"3,110.2883"
21-Nov-2019,"3,103.5369",-4.9213,-0.1583%,"3,103.5369"
20-Nov-2019,"3,108.4582",-11.7231,-0.3757%,"3,108.4582"
19-Nov-2019,"3,120.1813",-1.8467,-0.0592%,"3,120.1813"
18-Nov-2019,"3,122.0280",+1.5676,+0.0502%,"3,122.0280"
15-Nov-2019,"3,120.4604",+23.8273,+0.7695%,"3,120.4604"
14-Nov-2019,"3,096.6331",+2.5978,+0.0840%,"3,096.6331"
13-Nov-2019,"3,094.0353",+2.1963,+0.0710%,"3,094.0353"
12-Nov-2019,"3,091.8390",+4.8340,+0.1566%,"3,091.8390"
11-Nov-2019,"3,087.0050",-6.0798,-0.1966%,"3,087.0050"
08-Nov-2019,"3,093.0848",+7.9029,+0.2562%,"3,093.0848"
07-Nov-2019,"3,085.1819",+8.4066,+0.2732%,"3,085.1819"
06-Nov-2019,"3,076.7753",+2.1594,+0.0702%,"3,076.7753"
05-Nov-2019,"3,074.6159",-3.6538,-0.1187%,"3,074.6159"
04-Nov-2019,"3,078.2697",+11.3550,+0.3702%,"3,078.2697"
01-Nov-2019,"3,066.9147",+29.3503,+0.9662%,"3,066.9147"
31-Oct-2019,"3,037.5644",-9.2018,-0.3020%,"3,037.5644"
30-Oct-2019,"3,046.7662",+9.8740,+0.3251%,"3,046.7662"
29-Oct-2019,"3,036.8922",-2.5277,-0.0832%,"3,036.8922"
28-Oct-2019,"3,039.4199",+16.8703,+0.5581%,"3,039.4199"
25-Oct-2019,"3,022.5496",+12.2643,+0.4074%,"3,022.5496"
24-Oct-2019,"3,010.2853",+5.7610,+0.1917%,"3,010.2853"
23-Oct-2019,"3,004.5243",+8.5313,+0.2848%,"3,004.5243"
22-Oct-2019,"2,995.9930",-10.7313,-0.3569%,"2,995.9930"
21-Oct-2019,"3,006.7243",+20.5208,+0.6872%,"3,006.7243"
18-Oct-2019,"2,986.2035",-11.7494,-0.3919%,"2,986.2035"
17-Oct-2019,"2,997.9529",+8.2591,+0.2763%,"2,997.9529"
16-Oct-2019,"2,989.6938",-5.9893,-0.1999%,"2,989.6938"
15-Oct-2019,"2,995.6831",+29.5326,+0.9957%,"2,995.6831"
14-Oct-2019,"2,966.1505",-4.1190,-0.1387%,"2,966.1505"
11-Oct-2019,"2,970.2695",+32.1371,+1.0938%,"2,970.2695"
10-Oct-2019,"2,938.1324",+18.7323,+0.6416%,"2,938.1324"
09-Oct-2019,"2,919.4001",+26.3445,+0.9106%,"2,919.4001"
08-Oct-2019,"2,893.0556",-45.7338,-1.5562%,"2,893.0556"
07-Oct-2019,"2,938.7894",-13.2182,-0.4478%,"2,938.7894"
04-Oct-2019,"2,952.0076",+41.3736,+1.4215%,"2,952.0076"
03-Oct-2019,"2,910.6340",+23.0275,+0.7975%,"2,910.6340"
02-Oct-2019,"2,887.6065",-52.6421,-1.7904%,"2,887.6065"
01-Oct-2019,"2,940.2486",-36.4887,-1.2258%,"2,940.2486"
30-Sep-2019,"2,976.7373",+14.9442,+0.5046%,"2,976.7373"
27-Sep-2019,"2,961.7931",-15.8243,-0.5314%,"2,961.7931"
26-Sep-2019,"2,977.6174",-7.2509,-0.2429%,"2,977.6174"
25-Sep-2019,"2,984.8683",+18.2723,+0.6159%,"2,984.8683"
24-Sep-2019,"2,966.5960",-25.1830,-0.8417%,"2,966.5960"
23-Sep-2019,"2,991.7790",-0.2933,-0.0098%,"2,991.7790"
20-Sep-2019,"2,992.0723",-14.7185,-0.4895%,"2,992.0723"
19-Sep-2019,"3,006.7908",+0.0608,+0.0020%,"3,006.7908"
18-Sep-2019,"3,006.7300",+1.0335,+0.0344%,"3,006.7300"
17-Sep-2019,"3,005.6965",+7.7369,+0.2581%,"3,005.6965"
16-Sep-2019,"2,997.9596",-9.4278,-0.3135%,"2,997.9596"
13-Sep-2019,"3,007.3874",-2.1845,-0.0726%,"3,007.3874"
12-Sep-2019,"3,009.5719",+8.6455,+0.2881%,"3,009.5719"
11-Sep-2019,"3,000.9264",+21.5409,+0.7230%,"3,000.9264"
10-Sep-2019,"2,979.3855",+0.9517,+0.0320%,"2,979.3855"
09-Sep-2019,"2,978.4338",-0.2740,-0.0092%,"2,978.4338"
06-Sep-2019,"2,978.7078",+2.7104,+0.0911%,"2,978.7078"
05-Sep-2019,"2,975.9974",+38.2184,+1.3009%,"2,975.9974"
04-Sep-2019,"2,937.7790",+31.5079,+1.0841%,"2,937.7790"
03-Sep-2019,"2,906.2711",-20.1870,-0.6898%,"2,906.2711"
30-Aug-2019,"2,926.4581",+1.8810,+0.0643%,"2,926.4581"
29-Aug-2019,"2,924.5771",+36.6383,+1.2687%,"2,924.5771"
28-Aug-2019,"2,887.9388",+18.7827,+0.6546%,"2,887.9388"
27-Aug-2019,"2,869.1561",-9.2278,-0.3206%,"2,869.1561"
26-Aug-2019,"2,878.3839",+31.2729,+1.0984%,"2,878.3839"
23-Aug-2019,"2,847.1110",-75.8414,-2.5947%,"2,847.1110"
22-Aug-2019,"2,922.9524",-1.4779,-0.0505%,"2,922.9524"
21-Aug-2019,"2,924.4303",+23.9200,+0.8247%,"2,924.4303"
20-Aug-2019,"2,900.5103",-23.1379,-0.7914%,"2,900.5103"
19-Aug-2019,"2,923.6482",+34.9702,+1.2106%,"2,923.6482"
16-Aug-2019,"2,888.6780",+41.0829,+1.4427%,"2,888.6780"
15-Aug-2019,"2,847.5951",+6.9968,+0.2463%,"2,847.5951"
14-Aug-2019,"2,840.5983",-85.7265,-2.9295%,"2,840.5983"
13-Aug-2019,"2,926.3248",+42.5753,+1.4764%,"2,926.3248"
12-Aug-2019,"2,883.7495",-34.8961,-1.1956%,"2,883.7495"
09-Aug-2019,"2,918.6456",-19.4489,-0.6620%,"2,918.6456"
08-Aug-2019,"2,938.0945",+54.1101,+1.8762%,"2,938.0945"
07-Aug-2019,"2,883.9844",+2.2103,+0.0767%,"2,883.9844"
06-Aug-2019,"2,881.7741",+37.0314,+1.3017%,"2,881.7741"
05-Aug-2019,"2,844.7427",-87.3025,-2.9775%,"2,844.7427"
02-Aug-2019,"2,932.0452",-21.5149,-0.7284%,"2,932.0452"
01-Aug-2019,"2,953.5601",-26.8188,-0.8998%,"2,953.5601"
31-Jul-2019,"2,980.3789",-32.8030,-1.0886%,"2,980.3789"
30-Jul-2019,"3,013.1819",-7.7862,-0.2577%,"3,013.1819"
29-Jul-2019,"3,020.9681",-4.8910,-0.1616%,"3,020.9681"
26-Jul-2019,"3,025.8591",+22.1878,+0.7387%,"3,025.8591"
25-Jul-2019,"3,003.6713",-15.8853,-0.5261%,"3,003.6713"
24-Jul-2019,"3,019.5566",+14.0831,+0.4686%,"3,019.5566"
23-Jul-2019,"3,005.4735",+20.4423,+0.6848%,"3,005.4735"
22-Jul-2019,"2,985.0312",+8.4221,+0.2829%,"2,985.0312"
19-Jul-2019,"2,976.6091",-18.5034,-0.6178%,"2,976.6091"
18-Jul-2019,"2,995.1125",+10.6890,+0.3582%,"2,995.1125"
17-Jul-2019,"2,984.4235",-19.6196,-0.6531%,"2,984.4235"
16-Jul-2019,"3,004.0431",-10.2548,-0.3402%,"3,004.0431"
15-Jul-2019,"3,014.2979",+0.5253,+0.0174%,"3,014.2979"
12-Jul-2019,"3,013.7726",+13.8657,+0.4622%,"3,013.7726"
11-Jul-2019,"2,999.9069",+6.8369,+0.2284%,"2,999.9069"
10-Jul-2019,"2,993.0700",+13.4442,+0.4512%,"2,993.0700"
09-Jul-2019,"2,979.6258",+3.6803,+0.1237%,"2,979.6258"
08-Jul-2019,"2,975.9455",-14.4641,-0.4837%,"2,975.9455"
05-Jul-2019,"2,990.4096",-5.4130,-0.1807%,"2,990.4096"
03-Jul-2019,"2,995.8226",+22.8107,+0.7673%,"2,995.8226"
02-Jul-2019,"2,973.0119",+8.6791,+0.2928%,"2,973.0119"
01-Jul-2019,"2,964.3328",+22.5722,+0.7673%,"2,964.3328"
28-Jun-2019,"2,941.7606",+16.8394,+0.5757%,"2,941.7606"
27-Jun-2019,"2,924.9212",+11.1424,+0.3824%,"2,924.9212"
26-Jun-2019,"2,913.7788",-3.6043,-0.1235%,"2,913.7788"
25-Jun-2019,"2,917.3831",-27.9657,-0.9495%,"2,917.3831"
24-Jun-2019,"2,945.3488",-5.1062,-0.1731%,"2,945.3488"
21-Jun-2019,"2,950.4550",-3.7269,-0.1262%,"2,950.4550"
20-Jun-2019,"2,954.1819",+27.7261,+0.9474%,"2,954.1819"
19-Jun-2019,"2,926.4558",+8.7050,+0.2983%,"2,926.4558"
18-Jun-2019,"2,917.7508",+28.0808,+0.9718%,"2,917.7508"
17-Jun-2019,"2,889.6700",+2.6868,+0.0931%,"2,889.6700"
14-Jun-2019,"2,886.9832",-4.6573,-0.1611%,"2,886.9832"
13-Jun-2019,"2,891.6405",+11.8040,+0.4099%,"2,891.6405"
12-Jun-2019,"2,879.8365",-5.8856,-0.2040%,"2,879.8365"
11-Jun-2019,"2,885.7221",-1.0120,-0.0351%,"2,885.7221"
10-Jun-2019,"2,886.7341",+13.3921,+0.4661%,"2,886.7341"
07-Jun-2019,"2,873.3420",+29.8516,+1.0498%,"2,873.3420"
06-Jun-2019,"2,843.4904",+17.3398,+0.6135%,"2,843.4904"
05-Jun-2019,"2,826.1506",+22.8781,+0.8161%,"2,826.1506"
04-Jun-2019,"2,803.2725",+58.8261,+2.1435%,"2,803.2725"
03-Jun-2019,"2,744.4464",-7.6165,-0.2768%,"2,744.4464"
31-May-2019,"2,752.0629",-36.8020,-1.3196%,"2,752.0629"
30-May-2019,"2,788.8649",+5.8466,+0.2101%,"2,788.8649"
29-May-2019,"2,783.0183",-19.3669,-0.6911%,"2,783.0183"
28-May-2019,"2,802.3852",-23.6795,-0.8379%,"2,802.3852"
24-May-2019,"2,826.0647",+3.8237,+0.1355%,"2,826.0647"
23-May-2019,"2,822.2410",-34.0332,-1.1915%,"2,822.2410"
22-May-2019,"2,856.2742",-8.0852,-0.2823%,"2,856.2742"
21-May-2019,"2,864.3594",+24.1263,+0.8494%,"2,864.3594"
20-May-2019,"2,840.2331",-19.2992,-0.6749%,"2,840.2331"
17-May-2019,"2,859.5323",-16.7846,-0.5835%,"2,859.5323"
16-May-2019,"2,876.3169",+25.3524,+0.8893%,"2,876.3169"
15-May-2019,"2,850.9645",+16.5577,+0.5842%,"2,850.9645"
14-May-2019,"2,834.4068",+22.5414,+0.8017%,"2,834.4068"
13-May-2019,"2,811.8654",-69.5351,-2.4132%,"2,811.8654"
10-May-2019,"2,881.4005",+10.6834,+0.3722%,"2,881.4005"
09-May-2019,"2,870.7171",-8.7025,-0.3022%,"2,870.7171"
08-May-2019,"2,879.4196",-4.6307,-0.1606%,"2,879.4196"
07-May-2019,"2,884.0503",-48.4235,-1.6513%,"2,884.0503"
06-May-2019,"2,932.4738",-13.1640,-0.4469%,"2,932.4738"
03-May-2019,"2,945.6378",+28.1214,+0.9639%,"2,945.6378"
02-May-2019,"2,917.5164",-6.2155,-0.2126%,"2,917.5164"
01-May-2019,"2,923.7319",-22.0990,-0.7502%,"2,923.7319"
30-Apr-2019,"2,945.8309",+2.8040,+0.0953%,"2,945.8309"
29-Apr-2019,"2,943.0269",+3.1452,+0.1070%,"2,943.0269"
26-Apr-2019,"2,939.8817",+13.7086,+0.4685%,"2,939.8817"
25-Apr-2019,"2,926.1731",-1.0793,-0.0369%,"2,926.1731"
24-Apr-2019,"2,927.2524",-6.4234,-0.2190%,"2,927.2524"
23-Apr-2019,"2,933.6758",+25.7031,+0.8839%,"2,933.6758"
22-Apr-2019,"2,907.9727",+2.9402,+0.1012%,"2,907.9727"
18-Apr-2019,"2,905.0325",+4.5794,+0.1579%,"2,905.0325"
17-Apr-2019,"2,900.4531",-6.6044,-0.2272%,"2,900.4531"
16-Apr-2019,"2,907.0575",+1.4742,+0.0507%,"2,907.0575"
15-Apr-2019,"2,905.5833",-1.8311,-0.0630%,"2,905.5833"
12-Apr-2019,"2,907.4144",+19.0949,+0.6611%,"2,907.4144"
11-Apr-2019,"2,888.3195",+0.1091,+0.0038%,"2,888.3195"
10-Apr-2019,"2,888.2104",+10.0098,+0.3478%,"2,888.2104"
09-Apr-2019,"2,878.2006",-17.5700,-0.6067%,"2,878.2006"
08-Apr-2019,"2,895.7706",+3.0262,+0.1046%,"2,895.7706"
05-Apr-2019,"2,892.7444",+13.3536,+0.4638%,"2,892.7444"
04-Apr-2019,"2,879.3908",+5.9917,+0.2085%,"2,879.3908"
03-Apr-2019,"2,873.3991",+6.1627,+0.2149%,"2,873.3991"
02-Apr-2019,"2,867.2364",+0.0425,+0.0015%,"2,867.2364"
01-Apr-2019,"2,867.1939",+32.7941,+1.1570%,"2,867.1939"
29-Mar-2019,"2,834.3998",+18.9625,+0.6735%,"2,834.3998"
28-Mar-2019,"2,815.4373",+10.0641,+0.3587%,"2,815.4373"
27-Mar-2019,"2,805.3732",-13.0847,-0.4643%,"2,805.3732"
26-Mar-2019,"2,818.4579",+20.0963,+0.7181%,"2,818.4579"
25-Mar-2019,"2,798.3616",-2.3508,-0.0839%,"2,798.3616"
22-Mar-2019,"2,800.7124",-54.1643,-1.8973%,"2,800.7124"
21-Mar-2019,"2,854.8767",+30.6509,+1.0853%,"2,854.8767"
20-Mar-2019,"2,824.2258",-8.3416,-0.2945%,"2,824.2258"
19-Mar-2019,"2,832.5674",-0.3732,-0.0132%,"2,832.5674"
18-Mar-2019,"2,832.9406",+10.4640,+0.3707%,"2,832.9406"
15-Mar-2019,"2,822.4766",+13.9938,+0.4983%,"2,822.4766"
14-Mar-2019,"2,808.4828",-2.4347,-0.0866%,"2,808.4828"
13-Mar-2019,"2,810.9175",+19.3952,+0.6948%,"2,810.9175"
12-Mar-2019,"2,791.5223",+8.2273,+0.2956%,"2,791.5223"
11-Mar-2019,"2,783.2950",+40.2273,+1.4665%,"2,783.2950"
08-Mar-2019,"2,743.0677",-5.8581,-0.2131%,"2,743.0677"
07-Mar-2019,"2,748.9258",-22.5218,-0.8126%,"2,748.9258"
06-Mar-2019,"2,771.4476",-18.2034,-0.6525%,"2,771.4476"
05-Mar-2019,"2,789.6510",-3.1599,-0.1131%,"2,789.6510"
04-Mar-2019,"2,792.8109",-10.8835,-0.3882%,"2,792.8109"
01-Mar-2019,"2,803.6944",+19.2030,+0.6896%,"2,803.6944"
28-Feb-2019,"2,784.4914",-7.8887,-0.2825%,"2,784.4914"
27-Feb-2019,"2,792.3801",-1.5185,-0.0544%,"2,792.3801"
26-Feb-2019,"2,793.8986",-2.2079,-0.0790%,"2,793.8986"
25-Feb-2019,"2,796.1065",+3.4355,+0.1230%,"2,796.1065"
22-Feb-2019,"2,792.6710",+17.7949,+0.6413%,"2,792.6710"
21-Feb-2019,"2,774.8761",-9.8201,-0.3526%,"2,774.8761"
20-Feb-2019,"2,784.6962",+4.9381,+0.1776%,"2,784.6962"
19-Feb-2019,"2,779.7581",+4.1610,+0.1499%,"2,779.7581"
15-Feb-2019,"2,775.5971",+29.8673,+1.0878%,"2,775.5971"
14-Feb-2019,"2,745.7298",-7.3037,-0.2653%,"2,745.7298"
13-Feb-2019,"2,753.0335",+8.3000,+0.3024%,"2,753.0335"
12-Feb-2019,"2,744.7335",+34.9296,+1.2890%,"2,744.7335"
11-Feb-2019,"2,709.8039",+1.9235,+0.0710%,"2,709.8039"
08-Feb-2019,"2,707.8804",+1.8260,+0.0675%,"2,707.8804"
07-Feb-2019,"2,706.0544",-25.5606,-0.9357%,"2,706.0544"
06-Feb-2019,"2,731.6150",-6.0871,-0.2223%,"2,731.6150"
05-Feb-2019,"2,737.7021",+12.8352,+0.4710%,"2,737.7021"
04-Feb-2019,"2,724.8669",+18.3334,+0.6774%,"2,724.8669"
01-Feb-2019,"2,706.5335",+2.4329,+0.0900%,"2,706.5335"
31-Jan-2019,"2,704.1006",+23.0495,+0.8597%,"2,704.1006"
30-Jan-2019,"2,681.0511",+41.0464,+1.5548%,"2,681.0511"
29-Jan-2019,"2,640.0047",-3.8410,-0.1453%,"2,640.0047"
28-Jan-2019,"2,643.8457",-20.9148,-0.7849%,"2,643.8457"
25-Jan-2019,"2,664.7605",+22.4279,+0.8488%,"2,664.7605"
24-Jan-2019,"2,642.3326",+3.6358,+0.1378%,"2,642.3326"
23-Jan-2019,"2,638.6968",+5.7929,+0.2200%,"2,638.6968"
22-Jan-2019,"2,632.9039",-37.8078,-1.4156%,"2,632.9039"
18-Jan-2019,"2,670.7117",+34.7550,+1.3185%,"2,670.7117"
17-Jan-2019,"2,635.9567",+19.8596,+0.7591%,"2,635.9567"
16-Jan-2019,"2,616.0971",+5.7945,+0.2220%,"2,616.0971"
15-Jan-2019,"2,610.3026",+27.6887,+1.0721%,"2,610.3026"
14-Jan-2019,"2,582.6139",-13.6434,-0.5255%,"2,582.6139"
11-Jan-2019,"2,596.2573",-0.3832,-0.0148%,"2,596.2573"
10-Jan-2019,"2,596.6405",+11.6768,+0.4517%,"2,596.6405"
09-Jan-2019,"2,584.9637",+10.5527,+0.4099%,"2,584.9637"
08-Jan-2019,"2,574.4110",+24.7210,+0.9696%,"2,574.4110"
07-Jan-2019,"2,549.6900",+17.7466,+0.7009%,"2,549.6900"
04-Jan-2019,"2,531.9434",+84.0500,+3.4336%,"2,531.9434"
03-Jan-2019,"2,447.8934",-62.1367,-2.4755%,"2,447.8934"
02-Jan-2019,"2,510.0301",,,"2,510.0301"
